ID,Area_px,Width,Height,Color_RGB,Percentage
1,57311,257,223,"(85, 190, 81)",6.197981554540421
2,126212,556,227,"(74, 189, 253)",13.64938053709856
