ID,Area_px,Width,Height,Color_RGB,Percentage
1,25800,258,100,"(97, 187, 89)",2.7901785714285716
2,93805,257,365,"(248, 75, 72)",10.14467832918051
